{
    "Hadronic_pt_0_to_60_cl": {
        "selection": [
            "mva_score >= 0.9934", 
            "mva_score >= 0.953620  && !(mva_score >= 0.9934) "
        ], 
        "signal_strength": "r = 1.0^{+1.242}_{-0.974}", 
        "yields": {
            "Bin_0": {
                "bkg": 1.917513954674047, 
                "sm_higgs_nottH": 0.0267416964743461, 
                "ttH": 1.4714584126486443
            }, 
            "Bin_1": {
                "bkg": 39.83697283675904, 
                "sm_higgs_nottH": 0.280657883045933, 
                "ttH": 3.756867300864542
            }
        }
    }, 
    "Hadronic_pt_120_to_200_cl": {
        "selection": [
            "mva_score >= 0.9918", 
            "mva_score >= 0.968207  && !(mva_score >= 0.9918) "
        ], 
        "signal_strength": "r = 1.0^{+0.741}_{-0.627}", 
        "yields": {
            "Bin_0": {
                "bkg": 7.518696919254279, 
                "sm_higgs_nottH": 0.3009041619116033, 
                "ttH": 5.442285970988451
            }, 
            "Bin_1": {
                "bkg": 30.72773304753441, 
                "sm_higgs_nottH": 0.8752876857397496, 
                "ttH": 2.980906057113316
            }
        }
    }, 
    "Hadronic_pt_200_to_300_cl": {
        "selection": [
            "mva_score >= 0.9942", 
            "mva_score >= 0.983024  && !(mva_score >= 0.9942) "
        ], 
        "signal_strength": "r = 1.0^{+0.868}_{-0.664}", 
        "yields": {
            "Bin_0": {
                "bkg": 1.8526617391479798, 
                "sm_higgs_nottH": 0.18385312369355233, 
                "ttH": 2.915562616341049
            }, 
            "Bin_1": {
                "bkg": 5.645894529666313, 
                "sm_higgs_nottH": 0.4001980872853892, 
                "ttH": 1.1357007721671835
            }
        }
    }, 
    "Hadronic_pt_200_to_inf_cl": {
        "selection": [
            "mva_score >= 0.9939", 
            "mva_score >= 0.982772  && !(mva_score >= 0.9939) "
        ], 
        "signal_strength": "r = 1.0^{+0.665}_{-0.544}", 
        "yields": {
            "Bin_0": {
                "bkg": 3.61113205269178, 
                "sm_higgs_nottH": 0.6173659304113244, 
                "ttH": 4.998024981439812
            }, 
            "Bin_1": {
                "bkg": 8.280052078909824, 
                "sm_higgs_nottH": 1.3156183392347884, 
                "ttH": 1.6810051587526686
            }
        }
    }, 
    "Hadronic_pt_300_to_inf_cl": {
        "selection": [
            "mva_score >= 0.9951", 
            "mva_score >= 0.984718  && !(mva_score >= 0.9951) "
        ], 
        "signal_strength": "r = 1.0^{+1.129}_{-0.822}", 
        "yields": {
            "Bin_0": {
                "bkg": 1.2771488989299877, 
                "sm_higgs_nottH": 0.3427506599764456, 
                "ttH": 1.8264847380924039
            }, 
            "Bin_1": {
                "bkg": 2.668429947887606, 
                "sm_higgs_nottH": 0.8949543147246004, 
                "ttH": 0.7258296302170493
            }
        }
    }, 
    "Hadronic_pt_60_to_120_cl": {
        "selection": [
            "mva_score >= 0.9960", 
            "mva_score >= 0.979135  && !(mva_score >= 0.9960) "
        ], 
        "signal_strength": "r = 1.0^{+0.842}_{-0.674}", 
        "yields": {
            "Bin_0": {
                "bkg": 1.0280194241314802, 
                "sm_higgs_nottH": 0.006297365827776957, 
                "ttH": 1.8442910396843217
            }, 
            "Bin_1": {
                "bkg": 24.40044228209204, 
                "sm_higgs_nottH": 0.2597440698373248, 
                "ttH": 5.070117927476531
            }
        }
    }, 
    "Hadronic_pt_inclusive_cl": {
        "selection": [
            "mva_score >= 0.9951", 
            "mva_score >= 0.980995  && !(mva_score >= 0.9951) "
        ], 
        "signal_strength": "r = 1.0^{+0.410}_{-0.369}", 
        "yields": {
            "Bin_0": {
                "bkg": 12.055145531606724, 
                "sm_higgs_nottH": 0.7591668722816394, 
                "ttH": 11.874417277431348
            }, 
            "Bin_1": {
                "bkg": 71.02898775313797, 
                "sm_higgs_nottH": 2.4539671760430792, 
                "ttH": 12.645319912699051
            }
        }
    }, 
    "Leptonic_pt_0_to_60_cl": {
        "selection": [
            "mva_score >= 0.9240", 
            "mva_score >= 0.768557  && !(mva_score >= 0.9240) "
        ], 
        "signal_strength": "r = 1.0^{+1.386}_{-1.000}", 
        "yields": {
            "Bin_0": {
                "bkg": 2.7449761522153313, 
                "sm_higgs_nottH": 0.004628217524441425, 
                "ttH": 1.7175215611059684
            }, 
            "Bin_1": {
                "bkg": 8.115604790832354, 
                "sm_higgs_nottH": 0.1220562213784433, 
                "ttH": 1.3712549575720914
            }
        }
    }, 
    "Leptonic_pt_120_to_200_cl": {
        "selection": [
            "mva_score >= 0.9435", 
            "mva_score >= 0.913632  && !(mva_score >= 0.9435) "
        ], 
        "signal_strength": "r = 1.0^{+0.849}_{-0.648}", 
        "yields": {
            "Bin_0": {
                "bkg": 1.8723285052153462, 
                "sm_higgs_nottH": 0.054479635298775975, 
                "ttH": 3.1203353506862186
            }, 
            "Bin_1": {
                "bkg": 0.6883095891121145, 
                "sm_higgs_nottH": 0.13631342112785205, 
                "ttH": 0.5882103482144885
            }
        }
    }, 
    "Leptonic_pt_200_to_300_cl": {
        "selection": [
            "mva_score >= 0.9104"
        ], 
        "signal_strength": "r = 1.0^{+1.126}_{-0.806}", 
        "yields": {
            "Bin_0": {
                "bkg": 1.60581195115708, 
                "sm_higgs_nottH": 0.18727357594616478, 
                "ttH": 2.2188867281074636
            }
        }
    }, 
    "Leptonic_pt_200_to_inf_cl": {
        "selection": [
            "mva_score >= 0.9880", 
            "mva_score >= 0.958903  && !(mva_score >= 0.9880) "
        ], 
        "signal_strength": "r = 1.0^{+0.874}_{-0.634}", 
        "yields": {
            "Bin_0": {
                "bkg": 0.43948240338812133, 
                "sm_higgs_nottH": 0.024972296807391103, 
                "ttH": 1.4642296493402682
            }, 
            "Bin_1": {
                "bkg": 1.2852446813749265, 
                "sm_higgs_nottH": 0.09706285025458783, 
                "ttH": 1.5728533174842596
            }
        }
    }, 
    "Leptonic_pt_300_to_inf_cl": {
        "selection": [
            "mva_score >= 0.7709"
        ], 
        "signal_strength": "r = 1.0^{+1.480}_{-0.981}", 
        "yields": {
            "Bin_0": {
                "bkg": 1.0539825032709107, 
                "sm_higgs_nottH": 0.2684113456416526, 
                "ttH": 1.4336839862517081
            }
        }
    }, 
    "Leptonic_pt_60_to_120_cl": {
        "selection": [
            "mva_score >= 0.9492", 
            "mva_score >= 0.801946  && !(mva_score >= 0.9492) "
        ], 
        "signal_strength": "r = 1.0^{+0.954}_{-0.785}", 
        "yields": {
            "Bin_0": {
                "bkg": 2.964308931457305, 
                "sm_higgs_nottH": 0.03759020873985719, 
                "ttH": 2.3366211319807917
            }, 
            "Bin_1": {
                "bkg": 11.58940426703594, 
                "sm_higgs_nottH": 0.2785065661119006, 
                "ttH": 2.8832578166911844
            }
        }
    }, 
    "Leptonic_pt_inclusive_cl": {
        "selection": [
            "mva_score >= 0.9391", 
            "mva_score >= 0.865991  && !(mva_score >= 0.9391) "
        ], 
        "signal_strength": "r = 1.0^{+0.471}_{-0.414}", 
        "yields": {
            "Bin_0": {
                "bkg": 11.091688389335777, 
                "sm_higgs_nottH": 0.27845956135570304,