{
    "Hadronic_pt_0_to_60_cl": {
        "selection": [
            "mva_score >= 0.9934", 
            "mva_score >= 0.957164  && !(mva_score >= 0.9934) "
        ], 
        "signal_strength": "r = 1.0^{+1.240}_{-0.973}", 
        "yields": {
            "Bin_0": {
                "bkg": 1.917513954674047, 
                "sm_higgs_nottH": 0.0267416964743461, 
                "ttH": 1.4714584126486443
            }, 
            "Bin_1": {
                "bkg": 35.868906968800005, 
                "sm_higgs_nottH": 0.2536301179534348, 
                "ttH": 3.6021037850005087
            }
        }
    }, 
    "Hadronic_pt_120_to_200_cl": {
        "selection": [
            "mva_score >= 0.9918", 
            "mva_score >= 0.968541  && !(mva_score >= 0.9918) "
        ], 
        "signal_strength": "r = 1.0^{+0.741}_{-0.627}", 
        "yields": {
            "Bin_0": {
                "bkg": 7.518696919254279, 
                "sm_higgs_nottH": 0.3009041619116033, 
                "ttH": 5.442285970988451
            }, 
            "Bin_1": {
                "bkg": 30.25150443533861, 
                "sm_higgs_nottH": 0.8867779594947933, 
                "ttH": 2.9597008020500652
            }
        }
    }, 
    "Hadronic_pt_200_to_300_cl": {
        "selection": [
            "mva_score >= 0.9972", 
            "mva_score >= 0.984019  && !(mva_score >= 0.9972) "
        ], 
        "signal_strength": "r = 1.0^{+0.869}_{-0.654}", 
        "yields": {
            "Bin_0": {
                "bkg": 0.5208338848282817, 
                "sm_higgs_nottH": 0.13747982041240903, 
                "ttH": 1.8382287130807526
            }, 
            "Bin_1": {
                "bkg": 6.719169948076203, 
                "sm_higgs_nottH": 0.49997199728386477, 
                "ttH": 2.1624298298265785
            }
        }
    }, 
    "Hadronic_pt_200_to_inf_cl": {
        "selection": [
            "mva_score >= 0.9954", 
            "mva_score >= 0.981829  && !(mva_score >= 0.9954) "
        ], 
        "signal_strength": "r = 1.0^{+0.664}_{-0.601}", 
        "yields": {
            "Bin_0": {
                "bkg": 2.719600767941477, 
                "sm_higgs_nottH": 0.4165993334245286, 
                "ttH": 4.3965665282157715
            }, 
            "Bin_1": {
                "bkg": 9.528599358379873, 
                "sm_higgs_nottH": 1.6969674017600482, 
                "ttH": 2.3641425473615527
            }
        }
    }, 
    "Hadronic_pt_300_to_inf_cl": {
        "selection": [
            "mva_score >= 0.9952", 
            "mva_score >= 0.986104  && !(mva_score >= 0.9952) "
        ], 
        "signal_strength": "r = 1.0^{+1.126}_{-0.818}", 
        "yields": {
            "Bin_0": {
                "bkg": 1.2389932891320907, 
                "sm_higgs_nottH": 0.34628025192796485, 
                "ttH": 1.804734786215704
            }, 
            "Bin_1": {
                "bkg": 2.2864100475343117, 
                "sm_higgs_nottH": 0.8391822465782752, 
                "ttH": 0.7018890592735261
            }
        }
    }, 
    "Hadronic_pt_60_to_120_cl": {
        "selection": [
            "mva_score >= 0.9914", 
            "mva_score >= 0.966493  && !(mva_score >= 0.9914) "
        ], 
        "signal_strength": "r = 1.0^{+0.860}_{-0.731}", 
        "yields": {
            "Bin_0": {
                "bkg": 6.950291232704295, 
                "sm_higgs_nottH": 0.04309414664385258, 
                "ttH": 4.106279599567642
            }, 
            "Bin_1": {
                "bkg": 43.94009036987189, 
                "sm_higgs_nottH": 0.4780534742640157, 
                "ttH": 4.171788381238002
            }
        }
    }, 
    "Hadronic_pt_inclusive_cl": {
        "selection": [
            "mva_score >= 0.9951", 
            "mva_score >= 0.973024  && !(mva_score >= 0.9951) "
        ], 
        "signal_strength": "r = 1.0^{+0.408}_{-0.368}", 
        "yields": {
            "Bin_0": {
                "bkg": 12.055145531606724, 
                "sm_higgs_nottH": 0.7591668722816394, 
                "ttH": 11.874417277431348
            }, 
            "Bin_1": {
                "bkg": 104.04267187923917, 
                "sm_higgs_nottH": 3.6076121851328935, 
                "ttH": 15.48557780723786
            }
        }
    }, 
    "Leptonic_pt_0_to_60_cl": {
        "selection": [
            "mva_score >= 0.9246", 
            "mva_score >= 0.751805  && !(mva_score >= 0.9246) "
        ], 
        "signal_strength": "r = 1.0^{+1.379}_{-1.000}", 
        "yields": {
            "Bin_0": {
                "bkg": 2.654498146161553, 
                "sm_higgs_nottH": 0.004546977987047285, 
                "ttH": 1.709422516374616
            }, 
            "Bin_1": {
                "bkg": 8.86209505020022, 
                "sm_higgs_nottH": 0.13951325786911184, 
                "ttH": 1.4480991346063092
            }
        }
    }, 
    "Leptonic_pt_120_to_200_cl": {
        "selection": [
            "mva_score >= 0.9393", 
            "mva_score >= 0.908705  && !(mva_score >= 0.9393) "
        ], 
        "signal_strength": "r = 1.0^{+0.850}_{-0.649}", 
        "yields": {
            "Bin_0": {
                "bkg": 1.9875711998991425, 
                "sm_higgs_nottH": 0.06854633665352594, 
                "ttH": 3.250711955362931
            }, 
            "Bin_1": {
                "bkg": 1.0097345456407414, 
                "sm_higgs_nottH": 0.1339566318965808, 
                "ttH": 0.520090093370527
            }
        }
    }, 
    "Leptonic_pt_200_to_300_cl": {
        "selection": [
            "mva_score >= 0.9770", 
            "mva_score >= 0.953429  && !(mva_score >= 0.9770) "
        ], 
        "signal_strength": "r = 1.0^{+1.167}_{-0.798}", 
        "yields": {
            "Bin_0": {
                "bkg": 0.6580174677400776, 
                "sm_higgs_nottH": 0.05286840494227363, 
                "ttH": 1.3481106318649836
            }, 
            "Bin_1": {
                "bkg": 0.6533843398173217, 
                "sm_higgs_nottH": 0.013364168713451363, 
                "ttH": 0.5773484623350669
            }
        }
    }, 
    "Leptonic_pt_200_to_inf_cl": {
        "selection": [
            "mva_score >= 0.9769", 
            "mva_score >= 0.957607  && !(mva_score >= 0.9769) "
        ], 
        "signal_strength": "r = 1.0^{+0.874}_{-0.638}", 
        "yields": {
            "Bin_0": {
                "bkg": 0.9637746038652419, 
                "sm_higgs_nottH": 0.058320283809734974, 
                "ttH": 2.295045619015582
            }, 
            "Bin_1": {
                "bkg": 0.7813964631207158, 
                "sm_higgs_nottH": 0.08777435026422609, 
                "ttH": 0.7571667579177301
            }
        }
    }, 
    "Leptonic_pt_300_to_inf_cl": {
        "selection": [
            "mva_score >= 0.9882", 
            "mva_score >= 0.968909  && !(mva_score >= 0.9882) "
        ], 
        "signal_strength": "r = 1.0^{+1.488}_{-0.836}", 
        "yields": {
            "Bin_0": {
                "bkg": 0.11504667902042909, 
                "sm_higgs_nottH": 0.0033910666024894454, 
                "ttH": 0.6621875601704232
            }, 
            "Bin_1": {
                "bkg": 0.2647434408052101, 
                "sm_higgs_nottH": 0.03935053515306208, 
                "ttH": 0.43685467838076875
            }
        }
    }, 
    "Leptonic_pt_60_to_120_cl": {
        "selection": [
            "mva_score >= 0.9462", 
            "mva_score >= 0.822186  && !(mva_score >= 0.9462) "
        ], 
        "signal_strength": "r = 1.0^{+0.959}_{-0.793}", 
        "yields": {
            "Bin_0": {
                "bkg": 3.342191207762373, 
                "sm_higgs_nottH": 0.04572895650926512, 
                "ttH": 2.4401604564627632
            }, 
            "Bin_1": {
                "bkg": 9.614335551949566,