{
    "ST_FCNC-TH_Thadronic_HToaa_eta_hct-MadGraph5-pythia8": {
        "br": 1.0, 
        "filter_eff": 1, 
        "matched_xs": true, 
        "productions": {
            "RunIIAutumn18MiniAOD-tauDecays_102X_upgrade2018_realistic_v15-v1": {
                "n_events_tot": 3904000, 
                "sum_of_weights": 3900804.809350603
            }, 
            "RunIIFall17MiniAODv2-PU2017_12Apr2018_tauDecays_94X_mc2017_realistic_v14-v1": {
                "n_events_tot": 3975000, 
                "sum_of_weights": 3971803.386794715
            }
        }, 
        "scale1fb_2016": 0, 
        "scale1fb_2017": 3.8126117845225233e-06, 
        "scale1fb_2018": 3.882005160063613e-06, 
        "xs": 0.0151429443983
    }, 
    "ST_FCNC-TH_Thadronic_HToaa_eta_hut-MadGraph5-pythia8": {
        "br": 1.0, 
        "filter_eff": 1, 
        "matched_xs": true, 
        "productions": {
            "RunIIAutumn18MiniAOD-tauDecays_102X_upgrade2018_realistic_v15-v1": {
                "n_events_tot": 3862000, 
                "sum_of_weights": 3846846.2087756507
            }, 
            "RunIIFall17MiniAODv2-PU2017_12Apr2018_tauDecays_94X_mc2017_realistic_v14-v1": {
                "n_events_tot": 3812000, 
                "sum_of_weights": 3797157.187337479
            }
        }, 
        "scale1fb_2016": 0, 
        "scale1fb_2017": 2.8980591155659116e-05, 
        "scale1fb_2018": 2.860625406572311e-05, 
        "xs": 0.11004386
    }, 
    "ST_FCNC-TH_Tleptonic_HToaa_eta_hct-MadGraph5-pythia8": {
        "br": 1.0, 
        "filter_eff": 1, 
        "matched_xs": true, 
        "productions": {
            "RunIIAutumn18MiniAOD-tauDecays_102X_upgrade2018_realistic_v15-v1": {
                "n_events_tot": 3839000, 
                "sum_of_weights": 3836084.147266517
            }, 
            "RunIIFall17MiniAODv2-PU2017_12Apr2018_tauDecays_94X_mc2017_realistic_v14-v1": {
                "n_events_tot": 3923000, 
                "sum_of_weights": 3919950.872907832
            }, 
            "RunIISummer16MiniAODv3-PUMoriond17_94X_mcRun2_asymptotic_v3-v1": {
                "n_events_tot": 1998784, 
                "sum_of_weights": 1998784.0
            }
        }, 
        "scale1fb_2016": 3.850698522941949e-06, 
        "scale1fb_2017": 1.963472208204118e-06, 
        "scale1fb_2018": 2.0063987913206904e-06, 
        "xs": 0.00769671459648
    }, 
    "ST_FCNC-TH_Tleptonic_HToaa_eta_hut-MadGraph5-pythia8": {
        "br": 1.0, 
        "filter_eff": 1, 
        "matched_xs": true, 
        "productions": {
            "RunIIAutumn18MiniAOD-tauDecays_102X_upgrade2018_realistic_v15-v1": {
                "n_events_tot": 3908000, 
                "sum_of_weights": 3892406.6981986365
            }, 
            "RunIIFall17MiniAODv2-PU2017_12Apr2018_tauDecays_94X_mc2017_realistic_v14-v1": {
                "n_events_tot": 3951000, 
                "sum_of_weights": 3935263.9233557023
            }, 
            "RunIISummer16MiniAODv3-PUMoriond17_94X_mcRun2_asymptotic_v3-v2": {
                "n_events_tot": 1997685, 
                "sum_of_weights": 1997685.0
            }
        }, 
        "scale1fb_2016": 2.7998440695104583e-05, 
        "scale1fb_2017": 1.4213040367647126e-05, 
        "scale1fb_2018": 1.4369532614843343e-05, 
        "xs": 0.055932065
    }, 
    "ST_HAD_HCT_2016_20200522_v1_STEP4_v1": {
        "br": 1.0, 
        "filter_eff": 1, 
        "matched_xs": true, 
        "productions": {
            "private_2016": {
                "n_events_tot": 1000000, 
                "sum_of_weights": 1000000.0
            }
        }, 
        "scale1fb_2016": 1.514294439e-05, 
        "scale1fb_2017": 0, 
        "scale1fb_2018": 0, 
        "xs": 0.01514294439
    }, 
    "ST_HAD_HUT_2016_20200522_v1_STEP4_v1": {
        "br": 1.0, 
        "filter_eff": 1, 
        "matched_xs": true, 
        "productions": {
            "private_2016": {
                "n_events_tot": 1000000, 
                "sum_of_weights": 1000000.0
            }
        }, 
        "scale1fb_2016": 0.00011004385526, 
        "scale1fb_2017": 0, 
        "scale1fb_2018": 0, 
        "xs": 0.11004385526
    }, 
    "TT_FCNC-T2HJ_aThadronic_HToaa_eta_hct-MadGraph5-pythia8_TuneCUETP8M1": {
        "br": 1.0, 
        "filter_eff": 1, 
        "matched_xs": true, 
        "productions": {
            "RunIISummer16MiniAODv3-PUMoriond17_94X_mcRun2_asymptotic_v3-v1": {
                "n_events_tot": 1127765, 
                "sum_of_weights": 1127765.0
            }
        }, 
        "scale1fb_2016": 0.0001611106402042979, 
        "scale1fb_2017": 0, 
        "scale1fb_2018": 0, 
        "xs": 0.18169494115
    }, 
    "TT_FCNC-T2HJ_aTleptonic_HToaa_eta_hct-MadGraph5-pythia8": {
        "br": 1.0, 
        "filter_eff": 1, 
        "matched_xs": true, 
        "productions": {
            "RunIISummer16MiniAODv3-PUMoriond17_94X_mcRun2_asymptotic_v3-v1": {
                "n_events_tot": 1050153, 
                "sum_of_weights": 1050153.0
            }
        }, 
        "scale1fb_2016": 8.793976752911242e-05, 
        "scale1fb_2017": 0, 
        "scale1fb_2018": 0, 
        "xs": 0.09235021069
    }, 
    "TT_FCNC-T2HJ_aTleptonic_HToaa_eta_hct_TuneCP5-MadGraph5-pythia8": {
        "br": 1.0, 
        "filter_eff": 1, 
        "matched_xs": true, 
        "productions": {
            "RunIIAutumn18MiniAOD-tauDecays_102X_upgrade2018_realistic_v15-v1": {
                "n_events_tot": 1006357, 
                "sum_of_weights": 1004906.1151064009
            }, 
            "RunIIFall17MiniAODv2-PU2017_12Apr2018_tauDecays_94X_mc2017_realistic_v14-v1": {
                "n_events_tot": 950797, 
                "sum_of_weights": 949503.0287801264
            }
        }, 
        "scale1fb_2016": 0, 
        "scale1fb_2017": 9.726162833692789e-05, 
        "scale1fb_2018": 9.189934194023869e-05, 
        "xs": 0.09235021069
    }, 
    "TT_FCNC-TtoHJ_aThadronic_HToaa_eta_hct-MadGraph5-pythia8": {
        "br": 1.0, 
        "filter_eff": 1, 
        "matched_xs": true, 
        "productions": {
            "RunIIFall17MiniAODv2-PU2017_12Apr2018_94X_mc2017_realistic_v14-v2": {
                "n_events_tot": 1006958, 
                "sum_of_weights": 1005542.0
            }
        }, 
        "scale1fb_2016": 0, 
        "scale1fb_2017": 0.0001806935375648158, 
        "scale1fb_2018": 0, 
        "xs": 0.18169494115
    }, 
    "TT_FCNC-TtoHJ_aThadronic_HToaa_eta_hut-MadGraph5-pythia8": {
        "br": 1.0, 
        "filter_eff": 1, 
        "matched_xs": true, 
        "productions": {
            "RunIIFall17MiniAODv2-PU2017_12Apr2018_94X_mc2017_realistic_v14-v3": {
                "n_events_tot": 1007890, 
                "sum_of_weights": 1006512.0
            }
        }, 
        "scale1fb_2016": 0, 
        "scale1fb_2017": 0.00018055106448805377, 
        "scale1fb_2018": 0, 
        "xs": 0.18172681302
    }, 
    "TT_FCNC-TtoHJ_aThadronic_HToaa_eta_hut-MadGraph5-pythia8_TuneCUETP8M1": {
        "br": 1.0, 
        "filter_eff": 1, 
        "matched_xs": true, 
        "productions": {
            "RunIISummer16MiniAODv3-PUMoriond17_94X_mcRun2_asymptotic_v3-v1": {
                "n_events_tot": 955927, 
                "sum_of_weights": 955927.0
            }
        }, 
        "scale1fb_2016": 0.00019010532500912723, 
        "scale1fb_2017": 0, 
        "scale1fb_2018": 0, 
        "xs": 0.18172681302
    }, 
    "TT_FCNC-TtoHJ_aTleptonic_HToaa_eta_hut-MadGraph5-pythia8": {
        "br": 1.0, 
        "filter_eff": 1, 
        "matched_xs": true, 
        "productions": {
            "RunIISummer16MiniAODv3-PUMoriond17_94X_mcRun2_asymptotic_v3-v1": {
                "n_events_tot": 1039068, 
                "sum_of_weights": 1039068.0
            }
        }, 
        "scale1fb_2016": 8.889351824904626e-05, 
        "scale1fb_2017": 0, 
        "scale1fb_2018": 0, 
        "xs": 0.09236641022
    },